{"cameraMode":{"drawMode":0,"name":"Shaded","section":"Shading Mode"},"sceneLighting":false,"audioPlay":false,"sceneViewState":{"showFog":false,"showMaterialUpdate":false,"showSkybox":false,"showFlares":false,"showImageEffects":false,"showParticleSystems":false},"in2DMode":false,"pivot":{"x":632.8410034179688,"y":26.6127872467041,"z":232.98587036132813},"rotation":{"x":-0.0008118112455122173,"y":0.9956198930740356,"z":-0.0934712290763855,"w":-0.01012679934501648},"size":1.2247449159622193,"orthographic":false}